{
  "x": 0.292769027014808,
  "y": 4.902924956695642e-06,
  "z": -0.33109657146623206,
  "pitch": 0.9705731868743901,
  "roll": -3.337724410812374e-05
}